IdCaso,IdCasoRelacionado,DIAH,MESH,ANNOH,REGION,DEPTO_CASO,MUNINICIO_CASO,Modalidad,TipoArmas,PRESUNTO_REPONSABLE,DESCRIPCION_PRESUNTO_RESPONSABLE,AbandonoDespojoForzadoTierras,AmenazaIntimidacion,AtaqueContraMisionMedica,ConfinamientoRestriccionMovilidad,DesplazamientoForzado,Extorsion,Pillaje,LesionadosCiviles,Tortura,ViolenciaBasadaGenero,OtroHechoSimultaneo,TotalCombatientesMuertos,TotalCivilesMuertos,TotalCivilesCombatientesMuertos,NumeroVictimasCaso,Estado
20575,Cr021260,24,4,2003,Oriente antioqueño,Antioquia,Peñol,Ataque a objetivo militar con efecto indiscriminado,Artefacto explosivo,Desconocido,No aplica,0,0,0,0,0,0,0,0,0,,,0,4,4,4,Publicado
20713,Cr021281,8,5,2003,Sur del valle,Valle del cauca,Cali,Ataque a objetivo civil con efecto indiscriminado,Artefacto explosivo,Desconocido,No aplica,0,0,0,0,0,0,0,0,0,,,0,3,3,3,Publicado
30323,,4,6,2012,Anden pacifico sur,Nariño,El charco,Ataque a objetivo militar con efecto indiscriminado,Artefacto explosivo,Grupo armado no identificado,Presencia gao sin atribución,0,0,0,0,0,0,0,25,0,,,0,0,0,0,Publicado
33511,,7,12,2013,Norte del cauca,Cauca,Inzá,Ataque a objetivo militar con efecto indiscriminado,Artefacto explosivo,Guerrilla,Farc,0,0,0,0,0,0,0,70,0,,,6,2,8,8,Publicado
97544,,9,3,2000,Alto sinu y san jorge,Córdoba,Montería,Ataque a objetivo civil con efecto indiscriminado,Artefacto explosivo,Grupo paramilitar,No identificado,0,0,0,0,0,0,0,6,0,,,,1,1,1,Publicado
185266,Cr004878,1,1,1977,Area metropolitana de bogota,"Bogotá, d.c.","Bogotá, d.c.",Ataque a objetivo civil con efecto indiscriminado,Artefacto explosivo,Guerrilla,M-19,0,0,0,0,0,0,0,0,0,,,0,0,0,0,Publicado
185267,,13,8,1978,Florencia y area de influencia,Caquetá,Florencia,Ataque a objetivo civil con efecto indiscriminado,Artefacto explosivo,Guerrilla,M-19,0,0,0,0,0,0,0,0,0,,,0,0,0,0,Publicado
185268,Cr012154,1,8,1982,Sur del valle,Valle del cauca,Cali,Ataque a objetivo militar con efecto indiscriminado,Artefacto explosivo,Guerrilla,M-19,0,0,0,0,0,0,0,6,0,,,0,0,0,0,Publicado
185269,,1,6,1991,Eje cafetero,Caldas,Manizales,Ataque a objetivo civil con efecto indiscriminado,Artefacto explosivo,Guerrilla,,0,1,0,0,0,0,0,0,0,,,0,4,4,4,Publicado
185271,Cr005155,27,11,1989,Area metropolitana de bogota,Cundinamarca,Soacha,Ataque a objetivo civil con efecto indiscriminado,Artefacto explosivo,Grupo paramilitar,No identificado,0,0,0,0,0,0,0,0,0,,,0,107,107,107,Publicado
185272,Cr005159,12,12,1998,Provincia de soto,Santander,Bucaramanga,Ataque a objetivo civil con efecto indiscriminado,Artefacto explosivo,Guerrilla,Disidencia epl,0,0,0,0,0,0,0,0,0,,,0,0,0,0,Publicado
185273,Cr018882,3,2,1976,Area metropolitana de bogota,"Bogotá, d.c.","Bogotá, d.c.",Ataque a objetivo civil con efecto indiscriminado,Artefacto explosivo,Guerrilla,Epl,0,0,0,0,0,0,0,0,0,,,0,0,0,0,Publicado
185274,Cr005127,12,2,1978,Area metropolitana de bogota,"Bogotá, d.c.","Bogotá, d.c.",Ataque a objetivo civil con efecto indiscriminado,Artefacto explosivo,Guerrilla,Epl,0,0,0,0,0,0,0,0,0,,,0,0,0,0,Publicado
185275,Cr000012,17,2,1978,Area metropolitana de bogota,"Bogotá, d.c.","Bogotá, d.c.",Ataque a objetivo civil con efecto indiscriminado,Artefacto explosivo,Guerrilla,Epl,0,0,0,0,0,0,0,0,0,,,0,0,0,0,Publicado
185276,Cr005128,29,5,1978,Provincia de soto,Santander,Bucaramanga,Ataque a objetivo civil con efecto indiscriminado,Artefacto explosivo,Desconocido,No aplica,0,0,0,0,0,0,0,0,0,,2 capturados,0,0,0,0,Publicado
185277,Cr018904,18,6,1978,Macizo colombiano,Cauca,Popayán,Ataque a objetivo civil con efecto indiscriminado,Artefacto explosivo,Otro,,0,0,0,0,0,0,0,1,0,,5-capturados,1,0,1,1,Publicado
185278,Cr005130,16,8,1978,Alto sinu y san jorge,Córdoba,Planeta rica,Ataque a objetivo civil con efecto indiscriminado,Artefacto explosivo,Desconocido,No aplica,0,0,0,0,0,0,0,50,0,,,0,1,1,1,Publicado
185279,,1,5,1979,Area metropolitana de bogota,"Bogotá, d.c.","Bogotá, d.c.",Ataque a objetivo civil con efecto indiscriminado,Artefacto explosivo,Guerrilla,Eln,0,0,0,0,0,0,0,0,0,,,0,0,0,0,Publicado
185280,,1,6,1979,Sur del valle,Valle del cauca,Cali,Ataque a objetivo civil con efecto indiscriminado,Artefacto explosivo,Guerrilla,Epl,0,0,0,0,0,0,0,0,0,,,0,0,0,0,Publicado
185281,Cr005142,31,7,1981,Norte del valle,Valle del cauca,Ansermanuevo,Ataque a objetivo civil con efecto indiscriminado,Artefacto explosivo,Desconocido,No aplica,0,0,0,0,0,0,0,14,0,,,0,4,4,4,Publicado
185282,,7,10,1981,Area metropolitana de bogota,"Bogotá, d.c.","Bogotá, d.c.",Ataque a objetivo civil con efecto indiscriminado,Artefacto explosivo,Guerrilla,Eln,0,0,0,0,0,0,0,1,0,,,0,1,1,1,Publicado
185283,,22,4,1984,Area metropolitana de bogota,"Bogotá, d.c.","Bogotá, d.c.",Ataque a objetivo civil con efecto indiscriminado,Artefacto explosivo,Guerrilla,Farc,0,0,0,0,0,0,0,9,0,,,0,0,0,0,Publicado
185284,Cr005138,1,5,1985,Eje cafetero,Risaralda,Dosquebradas,Ataque a objetivo civil con efecto indiscriminado,Artefacto explosivo,Guerrilla,Otra disidencia,0,0,0,0,0,0,0,10,0,,,0,4,4,4,Publicado
185285,,23,5,1985,Valle de aburra,Antioquia,Medellín,Ataque a objetivo civil con efecto indiscriminado,Artefacto explosivo,Guerrilla,Eln,0,0,0,0,0,0,0,0,0,,,0,0,0,0,Publicado
185286,Cr004962,25,9,1985,Valle de aburra,Antioquia,Medellín,Ataque a objetivo civil con efecto indiscriminado,Artefacto explosivo,Desconocido,No aplica,0,0,0,0,0,0,0,8,0,,,0,0,0,0,Publicado
185287,Cr005117,13,1,1987,Norte de atlantico,Atlántico,Barranquilla,Ataque a objetivo civil con efecto indiscriminado,Artefacto explosivo,Guerrilla,Coordinadora nacional guerrillera,0,0,0,0,0,0,1,25,0,,,2,11,13,13,Publicado
185288,Cr005147,23,9,1987,Area metropolitana de bogota,"Bogotá, d.c.","Bogotá, d.c.",Ataque a objetivo civil con efecto indiscriminado,Artefacto explosivo,Desconocido,No aplica,0,0,0,0,0,0,0,8,0,,,0,1,1,1,Publicado
185289,,16,10,1989,Provincia de soto,Santander,Bucaramanga,Ataque a objetivo civil con efecto indiscriminado,Artefacto explosivo,Guerrilla,No identificada,0,0,0,0,0,0,0,0,0,,,0,3,3,3,Publicado
185290,Cr005171,6,12,1989,Area metropolitana de bogota,"Bogotá, d.c.","Bogotá, d.c.",Ataque a objetivo civil con efecto indiscriminado,Artefacto explosivo,Otro,,0,0,0,0,0,0,0,600,0,,,0,63,63,63,Publicado
185291,,28,6,1990,Valle de aburra,Antioquia,Medellín,Ataque a objetivo civil con efecto indiscriminado,Artefacto explosivo,Grupo armado no identificado,No aplica,0,0,0,0,0,0,0,1,0,,,0,14,14,14,Publicado
185292,Cr005163,27,3,1992,Area metropolitana de bogota,"Bogotá, d.c.","Bogotá, d.c.",Ataque a objetivo civil con efecto indiscriminado,Artefacto explosivo,Guerrilla,Eln,0,0,0,0,0,0,0,0,0,,,0,1,1,1,Publicado
185293,Cr020249,1,4,1992,Sur del valle,Valle del cauca,Cali,Ataque a objetivo civil con efecto indiscriminado,Artefacto explosivo,Guerrilla,Farc,0,0,0,0,0,0,0,6,0,,,3,0,3,3,Publicado
185294,Cr048156,1,9,1992,Valle de aburra,Antioquia,Medellín,Ataque a objetivo civil con efecto indiscriminado,Artefacto explosivo,Desconocido,No aplica,0,0,0,0,0,0,0,8,0,,,0,9,9,9,Publicado
185295,Cr005158,11,12,1992,Area metropolitana de bogota,"Bogotá, d.c.","Bogotá, d.c.",Ataque a objetivo civil con efecto indiscriminado,Artefacto explosivo,Guerrilla,Eln,0,0,0,0,0,0,0,9,0,,,0,0,0,0,Publicado
185296,,10,2,1993,Magdalena medio,Santander,Barrancabermeja,Ataque a objetivo civil con efecto indiscriminado,Artefacto explosivo,Guerrilla,No identificada,0,0,0,0,0,0,0,0,0,,,0,16,16,16,Publicado
185297,,10,6,1995,Valle de aburra,Antioquia,Medellín,Ataque a objetivo civil con efecto indiscriminado,Artefacto explosivo,Guerrilla,Farc,0,0,0,0,0,0,0,99,0,,,0,23,23,23,Publicado
185299,Cr018229,9,7,1995,Area metropolitana de bogota,"Bogotá, d.c.","Bogotá, d.c.",Ataque a objetivo civil con efecto indiscriminado,Artefacto explosivo,Guerrilla,Farc,0,0,0,0,0,0,0,4,0,,,0,0,0,0,Publicado
185300,Cr005095,17,10,1995,Area metropolitana de bogota,"Bogotá, d.c.","Bogotá, d.c.",Ataque a objetivo civil con efecto indiscriminado,Artefacto explosivo,Grupo armado no identificado,No aplica,0,0,0,0,0,0,0,12,0,,,0,2,2,2,Publicado
185301,Cr005112,4,10,1996,Valle de aburra,Antioquia,Medellín,Ataque a objetivo civil con efecto indiscriminado,Artefacto explosivo,Guerrilla,Eln,0,0,0,0,0,0,0,4,0,,,0,1,1,1,Publicado
185302,Cr023021,21,10,1996,Alto sinu y san jorge,Córdoba,Montería,Ataque a objetivo civil con efecto indiscriminado,Artefacto explosivo,Guerrilla,Farc,0,0,0,0,0,0,0,11,0,,7-policías heridos,0,0,0,0,Publicado
185303,Cr005116,16,12,1996,Valle de aburra,Antioquia,Medellín,Ataque a objetivo civil con efecto indiscriminado,Artefacto explosivo,Grupo armado no identificado,No aplica,0,0,0,0,0,0,0,48,0,,,0,1,1,1,Publicado
185304,Cr005103,17,12,1996,Alto sinu y san jorge,Córdoba,Montería,Ataque a objetivo civil con efecto indiscriminado,Artefacto explosivo,Guerrilla,Farc,0,0,0,0,0,0,0,36,0,,,0,4,4,4,Publicado
185305,Cr023019,10,3,1997,Alto sinu y san jorge,Córdoba,Montería,Ataque a objetivo civil con efecto indiscriminado,Artefacto explosivo,Guerrilla,No identificada,0,0,0,0,0,0,0,22,0,,,0,0,0,0,Publicado
185306,Cr005135,17,3,1997,Area metropolitana de cucuta,Norte de santander,Cúcuta,Ataque a objetivo civil con efecto indiscriminado,Artefacto explosivo,Guerrilla,Eln,0,0,0,0,0,0,0,4,0,,,0,1,1,1,Publicado
185307,Cr005105,24,6,1997,Valle de aburra,Antioquia,Medellín,Ataque a objetivo civil con efecto indiscriminado,Artefacto explosivo,Guerrilla,Farc,0,0,0,0,0,0,0,11,0,,,0,0,0,0,Publicado
185308,Cr036067,27,7,1997,Nordeste antioqueño,Antioquia,Anorí,Ataque a objetivo civil con efecto indiscriminado,Artefacto explosivo,Guerrilla,No identificada,0,0,0,0,0,0,0,0,0,,,0,20,20,20,Publicado
185309,Cr005177,6,2,1998,Suroccidente de cundinamarca,Cundinamarca,Viotá,Ataque a objetivo militar con efecto indiscriminado,Artefacto explosivo,Guerrilla,No identificada,0,0,0,0,0,0,0,8,0,,,0,1,1,1,Publicado
185310,,6,2,1998,Suroccidente de cundinamarca,Cundinamarca,Viotá,Ataque a objetivo militar con efecto indiscriminado,Artefacto explosivo,Guerrilla,Farc,0,0,0,0,0,0,0,10,0,,,0,1,1,1,Publicado
185311,Cr018872,12,2,1998,Valle de aburra,Antioquia,Medellín,Ataque a objetivo civil con efecto indiscriminado,Artefacto explosivo,Guerrilla,Eln,0,0,0,0,0,0,0,5,0,,,0,4,4,4,Publicado
185312,Cr018236,29,4,1998,Sierra nevada de santa marta,La guajira,Riohacha,Ataque a objetivo militar con efecto indiscriminado,Artefacto explosivo,Desconocido,No aplica,0,0,0,0,0,0,0,6,0,,,0,1,1,1,Publicado
185313,,18,9,1998,Montes de maria,Sucre,San onofre,Ataque a objetivo civil con efecto indiscriminado,Artefacto explosivo,Grupo paramilitar,Autodefensas unidas de colombia auc,0,0,0,0,0,0,0,0,0,,,0,4,4,4,Publicado
185314,Cr005123,21,2,1999,Area metropolitana de bogota,"Bogotá, d.c.","Bogotá, d.c.",Ataque a objetivo civil con efecto indiscriminado,Artefacto explosivo,Desconocido,No aplica,0,0,0,0,0,0,0,9,0,,,0,0,0,0,Publicado
185315,Cr023015,30,7,1999,Valle de aburra,Antioquia,Medellín,Ataque a objetivo militar con efecto indiscriminado,Artefacto explosivo,Guerrilla,Eln,0,0,0,0,0,0,0,28,0,,,2,7,9,9,Publicado
185316,Cr005111,27,8,1999,Alto sinu y san jorge,Córdoba,Montería,Ataque a objetivo civil con efecto indiscriminado,Artefacto explosivo,Guerrilla,Farc,0,0,0,0,0,0,0,11,0,,,0,0,0,0,Publicado
185317,Cr005160,6,12,1999,Valle de aburra,Antioquia,Medellín,Ataque a objetivo civil con efecto indiscriminado,Artefacto explosivo,Guerrilla,Eln,0,0,0,0,0,0,0,1,0,,,0,0,0,0,Publicado
185318,Cr046007,17,12,1999,Bajo putumayo,Putumayo,Valle del guamuez,Ataque a objetivo civil con efecto indiscriminado,Artefacto explosivo,Guerrilla,Farc,0,0,0,0,0,0,0,24,0,,,0,6,6,6,Publicado
185319,Cr005131,24,12,1999,Area metropolitana de bogota,"Bogotá, d.c.","Bogotá, d.c.",Ataque a objetivo civil con efecto indiscriminado,Artefacto explosivo,Otro,,0,0,0,0,0,0,0,2,0,,,0,0,0,0,Publicado
185320,Cr018871,18,1,2000,Area metropolitana de bogota,"Bogotá, d.c.","Bogotá, d.c.",Ataque a objetivo civil con efecto indiscriminado,Artefacto explosivo,Guerrilla,Farc,0,0,0,0,0,0,0,8,0,,,0,1,1,1,Publicado
185321,Cr005022,26,3,2000,Suroccidente de cundinamarca,Cundinamarca,Girardot,Ataque a objetivo militar con efecto indiscriminado,Artefacto explosivo,Grupo armado no identificado,No aplica,0,0,0,0,0,0,0,23,0,,,1,0,1,1,Publicado
185322,Cr005023,30,3,2000,Altiplano cundiboyacense,Cundinamarca,Cachipay,Ataque a objetivo militar con efecto indiscriminado,Artefacto explosivo,Guerrilla,Farc,0,0,0,0,0,0,0,13,0,,,0,3,3,3,Publicado
185323,Cr018971,31,3,2000,Altiplano cundiboyacense,Cundinamarca,Cachipay,Ataque a objetivo civil con efecto indiscriminado,Artefacto explosivo,Guerrilla,Farc,0,1,0,0,0,1,0,19,0,,Captura de guerrillero,0,3,3,3,Publicado
185324,Cr005148,2,10,2000,Magdalena medio,Santander,Barrancabermeja,Ataque a objetivo civil con efecto indiscriminado,Artefacto explosivo,Guerrilla,Eln,0,0,0,0,0,0,0,9,0,,,0,2,2,2,Publicado
185325,,5,11,2000,Sur del valle,Valle del cauca,Cali,Ataque a objetivo militar con efecto indiscriminado,Artefacto explosivo,Guerrilla,Eln,0,0,0,0,0,0,0,6,0,,,0,1,1,1,Publicado
185326,Cr005156,18,11,2000,Bajo putumayo,Putumayo,Puerto asís,Ataque a objetivo civil con efecto indiscriminado,Artefacto explosivo,Guerrilla,Farc,0,0,0,0,0,0,0,12,0,,,0,1,1,2,Publicado
185328,Cr005161,6,12,2000,Oriente antioqueño,Antioquia,Granada,Ataque a objetivo militar con efecto indiscriminado,Artefacto explosivo,Guerrilla,Farc,0,1,0,0,0,0,0,25,0,,,0,22,22,22,Publicado
185329,Cr005146,9,8,2001,Oriente antioqueño,Antioquia,San francisco,Ataque a objetivo militar con efecto indiscriminado,Artefacto explosivo,Guerrilla,Eln,0,0,0,0,0,0,0,36,0,,,0,3,3,3,Publicado
185330,Cr005145,23,8,2001,Oriente antioqueño,Antioquia,Marinilla,Ataque a objetivo civil con efecto indiscriminado,Artefacto explosivo,Guerrilla,Eln,0,0,0,0,0,0,0,26,0,,,0,1,1,1,Publicado
185331,Cr041132,7,10,2001,Oriente antioqueño,Antioquia,San rafael,Ataque a objetivo civil con efecto indiscriminado,Artefacto explosivo,Guerrilla,Farc,0,0,0,0,0,0,0,8,0,,,0,3,3,3,Publicado
185332,Cr005149,21,10,2001,Oriente antioqueño,Antioquia,Peñol,Ataque a objetivo civil con efecto indiscriminado,Artefacto explosivo,Guerrilla,Eln,0,0,0,0,0,0,0,1,0,,,1,5,6,6,Publicado
185333,Cr005179,25,1,2002,Area metropolitana de bogota,"Bogotá, d.c.","Bogotá, d.c.",Ataque a objetivo militar con efecto indiscriminado,Artefacto explosivo,Guerrilla,Farc,0,0,0,0,0,0,0,28,0,,,4,2,6,6,Publicado
185335,Cr005180,11,3,2002,Ariari guayabero,Meta,Puerto lleras,Ataque a objetivo militar con efecto indiscriminado,Artefacto explosivo,Guerrilla,Farc,0,0,0,0,0,0,0,8,0,,,3,3,6,6,Publicado
185336,Cr046671,28,3,2002,Ariari guayabero,Guaviare,Calamar,Desconocida,Artefacto explosivo,Grupo armado no identificado,No aplica,0,0,0,0,0,0,0,0,0,,,0,4,4,4,Publicado
185337,Cr018154,30,3,2002,Altillanura,Vichada,Puerto carreño,Ataque a objetivo militar con efecto indiscriminado,Artefacto explosivo,Guerrilla,Farc,0,0,0,0,0,0,0,21,0,,,6,0,6,6,Publicado
185338,Cr005137,5,4,2002,Ariari guayabero,Meta,Fuente de oro,Desconocida,Artefacto explosivo,Guerrilla,Farc,0,0,0,0,0,0,0,0,0,,,0,0,0,0,Publicado
185339,Cr005114,7,4,2002,Piedemonte llanero,Meta,Villavicencio,Ataque a objetivo civil con efecto indiscriminado,Artefacto explosivo,Guerrilla,Farc,0,0,0,0,0,0,0,70,0,,,0,10,10,10,Publicado
185340,,14,4,2002,Norte de atlantico,Atlántico,Barranquilla,Ataque a objetivo civil con efecto indiscriminado,Artefacto explosivo,Guerrilla,Farc,0,0,0,0,0,0,0,13,0,,,0,4,4,4,Publicado
185341,,15,4,2002,Sur del valle,Valle del cauca,Jamundí,Desconocida,Artefacto explosivo,Grupo paramilitar,No identificado,0,0,0,0,0,0,0,2,0,,,0,3,3,3,Publicado
185342,Cr005099,20,5,2002,Suroeste antioqueño,Antioquia,La pintada,Ataque a objetivo civil con efecto indiscriminado,Artefacto explosivo,Guerrilla,Farc,0,0,0,0,0,0,0,11,0,,,0,1,1,1,Publicado
185343,Cr005133,20,5,2002,Suroeste antioqueño,Antioquia,La pintada,Ataque a objetivo civil con efecto indiscriminado,Artefacto explosivo,Guerrilla,Farc,0,0,0,0,0,0,0,11,0,,,0,1,1,1,Publicado
185344,Cr005140,2,6,2002,Uraba,Antioquia,Chigorodó,Ataque a objetivo militar con efecto indiscriminado,Artefacto explosivo,Guerrilla,Farc,0,0,0,0,0,0,0,24,0,,,1,8,9,9,Publicado
185345,Cr005102,9,7,2002,Norte del cauca,Cauca,Miranda,Ataque a objetivo civil con efecto indiscriminado,Artefacto explosivo,Guerrilla,Farc,0,0,0,0,0,0,0,6,0,,,0,1,1,1,Publicado
185346,Cr005094,20,7,2002,Norte de antioquia,Antioquia,Guadalupe,Ataque a objetivo civil con efecto indiscriminado,Artefacto explosivo,Guerrilla,Farc,0,0,0,0,0,0,0,10,0,,,0,0,0,0,Publicado
185347,Cr005143,24,7,2002,Altiplano cundiboyacense,Cundinamarca,San juan de rioseco,Ataque a objetivo civil con efecto indiscriminado,Artefacto explosivo,Guerrilla,Farc,0,0,0,0,0,0,0,5,0,,,3,0,3,3,Publicado
185348,Cr005174,28,7,2002,Caguan,Caquetá,San vicente del caguán,Ataque a objetivo militar con efecto indiscriminado,Artefacto explosivo,Guerrilla,Farc,0,0,1,0,0,0,0,3,0,,,0,0,0,0,Publicado
185349,Cr007134,10,8,2002,Sarare,Arauca,Tame,Ataque a objetivo militar con efecto indiscriminado,Artefacto explosivo,Guerrilla,Farc,0,0,0,0,0,0,0,6,0,,,0,0,0,0,Publicado
185350,,6,9,2002,Eje cafetero,Risaralda,Dosquebradas,Ataque a objetivo civil con efecto indiscriminado,Artefacto explosivo,Grupo armado no identificado,No aplica,0,0,0,0,0,0,0,16,0,,,1,1,2,2,Publicado
185351,Cr018420,13,9,2002,Sarare,Arauca,Saravena,Ataque a objetivo militar con efecto indiscriminado,Artefacto explosivo,Guerrilla,Farc,0,0,0,0,0,0,0,23,0,,,0,4,4,4,Publicado
185352,,16,9,2002,Sarare,Arauca,Arauquita,Ataque a objetivo militar con efecto indiscriminado,Artefacto explosivo,Guerrilla,No identificada,0,0,0,0,0,0,0,6,0,,,0,1,1,1,Publicado
185353,Cr005097,7,10,2002,Montes de maria,Bolívar,El carmen de bolívar,Ataque a objetivo civil con efecto indiscriminado,Artefacto explosivo,Guerrilla,Farc,0,0,0,0,0,0,0,5,0,,,0,0,0,0,Publicado
185354,Cr005178,11,10,2002,Sumapaz,Cundinamarca,Granada,Ataque a objetivo militar con efecto indiscriminado,Artefacto explosivo,Guerrilla,Farc,0,0,0,0,0,0,0,10,0,,,0,0,0,0,Publicado
185355,Cr005038,28,10,2002,Llanos orientales,Arauca,Arauca,Ataque a objetivo civil con efecto indiscriminado,Artefacto explosivo,Guerrilla,Farc,0,0,0,0,0,0,0,7,0,,,2,0,2,2,Publicado
185356,Cr005100,28,10,2002,Norte de atlantico,Atlántico,Barranquilla,Ataque a objetivo civil con efecto indiscriminado,Artefacto explosivo,Guerrilla,Farc,0,0,0,0,0,0,0,33,0,,,0,0,0,0,Publicado
185357,Cr005157,13,11,2002,Area metropolitana de cucuta,Norte de santander,Cúcuta,Ataque a objetivo civil con efecto indiscriminado,Artefacto explosivo,Guerrilla,Eln,0,0,0,0,0,0,0,3,0,,,0,0,0,0,Publicado
185358,Cr005104,14,11,2002,Altiplano cundiboyacense,Cundinamarca,Cucunubá,Ataque a objetivo civil con efecto indiscriminado,Artefacto explosivo,Guerrilla,Eln,0,0,0,0,0,0,0,4,0,,,0,0,0,0,Publicado
185359,Cr048326,16,11,2002,Sierra nevada de santa marta,Magdalena,Santa marta,Ataque a objetivo civil con efecto indiscriminado,Artefacto explosivo,Guerrilla,Farc,0,0,0,0,0,0,0,6,0,,,0,2,2,2,Publicado
185360,Cr005162,16,12,2002,Norte del huila,Huila,Neiva,Ataque a objetivo civil con efecto indiscriminado,Artefacto explosivo,Guerrilla,Farc,0,0,0,0,0,0,0,21,0,,,0,1,1,1,Publicado
185361,Cr005119,9,1,2003,Sarare,Arauca,Fortul,Ataque a objetivo civil con efecto indiscriminado,Artefacto explosivo,Guerrilla,Farc,0,0,0,0,0,0,0,14,0,,,0,4,4,4,Publicado
185362,Cr005120,16,1,2003,Valle de aburra,Antioquia,Medellín,Ataque a objetivo civil con efecto indiscriminado,Artefacto explosivo,Guerrilla,Farc,0,0,0,0,0,0,0,27,0,,,0,5,5,5,Publicado
185363,Cr005125,25,1,2003,Caguan,Caquetá,San vicente del caguán,Ataque a objetivo civil con efecto indiscriminado,Artefacto explosivo,Guerrilla,Farc,0,0,0,0,0,0,0,6,0,,,0,0,0,0,Publicado
185364,Cr005132,7,2,2003,Area metropolitana de bogota,"Bogotá, d.c.","Bogotá, d.c.",Ataque a objetivo civil con efecto indiscriminado,Artefacto explosivo,Guerrilla,Farc,0,0,0,0,0,0,0,200,0,,,0,36,36,36,Publicado
185365,Cr005152,5,3,2003,Area metropolitana de cucuta,Norte de santander,Cúcuta,Ataque a objetivo civil con efecto indiscriminado,Artefacto explosivo,Guerrilla,Eln,0,0,0,0,0,0,0,70,0,,,0,13,13,13,Publicado
185366,Cr005126,25,5,2003,Ariari guayabero,Guaviare,Calamar,Ataque a objetivo militar con efecto indiscriminado,Artefacto explosivo,Grupo armado no identificado,No aplica,0,0,0,0,0,0,0,3,0,,,0,1,1,1,Publicado
185367,Cr047087,2,7,2003,Sur del huila,Huila,Isnos,Ataque a objetivo militar con efecto indiscriminado,Artefacto explosivo,Guerrilla,Farc,0,0,0,0,0,0,0,9,0,,,1,0,1,1,Publicado
185368,,5,7,2003,Florencia y area de influencia,Caquetá,El paujíl,Ataque a objetivo militar con efecto indiscriminado,Artefacto explosivo,Guerrilla,Farc,0,0,0,0,0,0,0,17,0,,,0,0,0,0,Publicado
185369,,8,7,2003,Florencia y area de influencia,Caquetá,El paujíl,Ataque a objetivo civil con efecto indiscriminado,Artefacto explosivo,Guerrilla,Farc,0,0,0,0,0,0,0,3,0,,,0,1,1,1,Publicado
185370,Cr005144,17,7,2003,Llanos orientales,Arauca,Arauca,Ataque a objetivo civil con efecto indiscriminado,Artefacto explosivo,Guerrilla,No identificada,0,0,0,0,0,0,0,0,0,,,0,0,0,0,Publicado
185371,Cr005168,31,7,2003,Altiplano cundiboyacense,Boyacá,Socha,Desconocida,Artefacto explosivo,Guerrilla,Farc,0,0,0,0,0,0,0,15,0,,,0,0,0,0,Publicado
185372,Cr047110,10,8,2003,Piedemonte llanero,Meta,San martín,Ataque a objetivo civil con efecto indiscriminado,Artefacto explosivo,Guerrilla,Farc,0,0,0,0,0,0,0,20,0,,,0,1,1,1,Publicado
185373,Cr048988,24,8,2003,Ariari guayabero,Meta,Puerto rico,Ataque a objetivo militar con efecto indiscriminado,Artefacto explosivo,Guerrilla,Farc,0,0,0,0,0,0,0,39,0,,,0,0,5,5,Publicado
185374,Cr005164,9,9,2003,Altiplano cundiboyacense,Boyacá,Chita,Ataque a objetivo civil con efecto indiscriminado,Artefacto explosivo,Guerrilla,Eln,0,0,0,0,0,0,0,15,0,,,0,8,8,9,Publicado
185375,Cr005109,8,10,2003,Area metropolitana de bogota,"Bogotá, d.c.","Bogotá, d.c.",Ataque a objetivo civil con efecto indiscriminado,Artefacto explosivo,Grupo paramilitar,Autodefensas unidas de colombia auc,0,0,0,0,0,0,0,19,0,,,2,4,6,6,Publicado
185376,,14,10,2003,Sarare,Arauca,Saravena,Ataque a objetivo militar con efecto indiscriminado,Artefacto explosivo,Guerrilla,Farc,0,0,0,0,0,0,0,5,0,,,0,0,0,0,Publicado
185377,Cr005041,15,10,2003,Sarare,Arauca,Fortul,Ataque a objetivo militar con efecto indiscriminado,Artefacto explosivo,Guerrilla,No identificada,0,0,0,0,0,0,0,4,0,,,0,1,1,1,Publicado
185378,,16,10,2003,Sarare,Arauca,Fortul,Ataque a objetivo militar con efecto indiscriminado,Artefacto explosivo,Guerrilla,Farc,0,0,0,0,0,0,0,3,0,,,0,2,2,2,Publicado
185379,Cr005151,22,10,2003,Bajo putumayo,Putumayo,Valle del guamuez,Ataque a objetivo civil con efecto indiscriminado,Artefacto explosivo,Grupo armado no identificado,No aplica,0,0,0,0,0,0,0,13,0,,,0,2,2,2,Publicado
185381,Cr005150,25,10,2003,Norte de antioquia,Antioquia,Yarumal,Ataque a objetivo civil con efecto indiscriminado,Artefacto explosivo,Guerrilla,Farc,0,0,0,0,0,1,0,12,0,,,0,7,7,7,Publicado
185382,Cr018227,26,10,2003,Norte de antioquia,Antioquia,Yarumal,Ataque a objetivo civil con efecto indiscriminado,Artefacto explosivo,Desconocido,No aplica,0,0,0,0,0,0,0,11,0,,,0,5,5,5,Publicado
185383,,10,11,2003,Norte de antioquia,Antioquia,Ituango,Ataque a objetivo militar con efecto indiscriminado,Artefacto explosivo,Guerrilla,Farc,0,0,0,0,0,0,0,9,0,,,0,0,0,0,Publicado
185384,,27,11,2003,Sarare,Arauca,Tame,Desconocida,Artefacto explosivo,Guerrilla,Farc,0,0,0,0,0,0,0,3,0,,,0,1,1,1,Publicado
185385,,27,11,2003,Sarare,Arauca,Tame,Ataque a objetivo civil con efecto indiscriminado,Artefacto explosivo,Grupo armado no identificado,No aplica,0,0,0,0,0,0,0,4,0,,,0,2,2,2,Publicado
185386,,16,12,2003,Norte de atlantico,Atlántico,Barranquilla,Ataque a objetivo civil con efecto indiscriminado,Artefacto explosivo,Guerrilla,No identificada,0,0,0,0,0,0,0,73,0,,,0,1,1,1,Publicado
185387,Cr005101,2,5,2004,Area metropolitana de bogota,"Bogotá, d.c.","Bogotá, d.c.",Ataque a objetivo civil con efecto indiscriminado,Artefacto explosivo,Grupo paramilitar,No identificado,0,0,0,0,0,0,0,11,0,,,0,0,0,0,Publicado
185388,Cr005107,4,5,2004,Sarare,Arauca,Tame,Ataque a objetivo civil con efecto indiscriminado,Artefacto explosivo,Guerrilla,Farc,0,0,0,0,0,0,0,37,0,,,0,2,2,2,Publicado
185389,Cr005106,15,5,2004,Oriente antioqueño,Antioquia,San rafael,Ataque a objetivo civil con efecto indiscriminado,Artefacto explosivo,Grupo paramilitar,No identificado,0,0,0,0,0,0,0,14,0,,,0,1,1,1,Publicado
185390,Cr005108,22,5,2004,Oriente antioqueño,Antioquia,San carlos,Ataque a objetivo civil con efecto indiscriminado,Artefacto explosivo,Grupo paramilitar,Autodefensas unidas de colombia auc,0,0,0,0,0,0,0,14,0,,,0,3,3,3,Publicado
185391,Cr005115,23,5,2004,Uraba,Antioquia,Apartadó,Ataque a objetivo civil con efecto indiscriminado,Artefacto explosivo,Guerrilla,Farc,0,0,0,0,0,0,0,26,0,,,0,7,7,7,Publicado
185392,Cr005169,3,5,2005,Sarare,Arauca,Saravena,Desconocida,Artefacto explosivo,Guerrilla,No identificada,0,0,0,0,0,0,0,0,0,,,0,0,0,0,Publicado
185393,,6,8,2005,Llanos orientales,Arauca,Arauca,Ataque a objetivo civil con efecto indiscriminado,Artefacto explosivo,Guerrilla,No identificada,0,0,0,0,0,0,0,26,0,,,0,1,1,1,Publicado
185395,Cr005110,25,11,2005,Florencia y area de influencia,Caquetá,Florencia,Ataque a objetivo civil con efecto indiscriminado,Artefacto explosivo,Grupo paramilitar,Autodefensas unidas de colombia auc,0,0,1,0,0,0,0,36,0,,,0,1,1,1,Publicado
185396,Cr005176,6,3,2006,Caguan,Caquetá,San vicente del caguán,Ataque a objetivo militar con efecto indiscriminado,Artefacto explosivo,Guerrilla,Farc,0,0,0,0,0,0,0,7,0,,,1,3,4,4,Publicado
185397,Cr010018,6,4,2006,Area metropolitana de bogota,"Bogotá, d.c.","Bogotá, d.c.",Ataque a objetivo civil con efecto indiscriminado,Artefacto explosivo,Guerrilla,Farc,0,0,0,0,0,0,0,22,0,,,0,3,3,3,Publicado
185398,Cr047498,4,8,2006,Sur del valle,Valle del cauca,Cali,Ataque a objetivo militar con efecto indiscriminado,Artefacto explosivo,Desconocido,No aplica,0,0,0,0,0,0,0,9,0,,,6,1,7,7,Publicado
185399,,18,8,2006,Anden pacifico sur,Valle del cauca,Buenaventura,Ataque a objetivo civil con efecto indiscriminado,Artefacto explosivo,Guerrilla,Farc,0,0,0,0,0,0,0,13,0,,,0,1,1,1,Publicado
185400,Cr010020,19,10,2006,Area metropolitana de bogota,"Bogotá, d.c.","Bogotá, d.c.",Ataque a objetivo militar con efecto indiscriminado,Artefacto explosivo,Guerrilla,Farc,0,0,0,0,0,0,0,20,0,,,0,0,0,0,Publicado
185401,Cr2017185401,21,1,2007,Anden pacifico sur,Valle del cauca,Buenaventura,Ataque a objetivo militar con efecto indiscriminado,Artefacto explosivo,Guerrilla,Farc,0,0,0,0,0,0,0,14,0,,,2,4,6,6,Publicado
185402,,9,2,2007,Anden pacifico sur,Valle del cauca,Buenaventura,Ataque a objetivo militar con efecto indiscriminado,Artefacto explosivo,Guerrilla,Farc,0,0,0,0,0,0,0,8,0,,,0,1,1,1,Publicado
185403,Cr011112,1,3,2007,Norte del huila,Huila,Neiva,Ataque a objetivo civil con efecto indiscriminado,Artefacto explosivo,Guerrilla,Farc,0,0,0,0,0,0,0,10,0,,,0,0,0,0,Publicado
185404,Cr005153,22,10,2007,Bajo putumayo,Putumayo,Puerto asís,Ataque a objetivo civil con efecto indiscriminado,Artefacto explosivo,Guerrilla,Farc,0,0,0,0,0,0,0,7,0,,,0,2,2,2,Publicado
185405,,9,6,2008,Area metropolitana de bogota,"Bogotá, d.c.","Bogotá, d.c.",Ataque a objetivo civil con efecto indiscriminado,Artefacto explosivo,Guerrilla,Farc,0,1,0,0,0,1,0,1,0,,,0,1,1,1,Publicado
185406,Cr018223,14,8,2008,Norte de antioquia,Antioquia,Ituango,Ataque a objetivo militar con efecto indiscriminado,Artefacto explosivo,Guerrilla,Farc,0,0,0,0,0,0,0,51,0,,,0,7,7,7,Publicado
185407,,19,8,2008,Oriente antioqueño,Antioquia,San rafael,Ataque a objetivo militar con efecto indiscriminado,Artefacto explosivo,Guerrilla,Farc,0,0,0,0,0,0,0,0,0,,,0,1,1,1,Publicado
185408,Cr018225,14,12,2008,Oriente antioqueño,Antioquia,San rafael,Ataque a objetivo civil con efecto indiscriminado,Artefacto explosivo,Guerrilla,Farc,0,0,0,0,0,0,0,11,0,,,0,0,0,0,Publicado
185409,Cr002076,13,1,2009,Anden pacifico sur,Nariño,Roberto payán,Ataque a objetivo militar con efecto indiscriminado,Arma de fuego - artefacto explosivo,Guerrilla,Farc,0,0,0,0,0,0,0,8,0,,,0,5,5,5,Publicado
185410,,29,1,2009,Area metropolitana de bogota,"Bogotá, d.c.","Bogotá, d.c.",Ataque a objetivo civil con efecto indiscriminado,Artefacto explosivo,Guerrilla,Farc,0,0,0,0,0,1,0,12,0,,,0,2,2,2,Publicado
185411,,1,2,2009,Sur del valle,Valle del cauca,Cali,Ataque a objetivo militar con efecto indiscriminado,Artefacto explosivo,Grupo armado no identificado,No aplica,0,0,0,0,0,0,0,12,0,,,0,2,2,2,Publicado
185412,,12,2,2009,Catatumbo,Norte de santander,Convención,Ataque a objetivo militar con efecto indiscriminado,Artefacto explosivo,Guerrilla,Eln,0,0,0,0,0,0,0,15,0,,,3,6,9,9,Publicado
185413,Cr018304,28,3,2009,Uraba,Antioquia,Apartadó,Ataque a objetivo civil con efecto indiscriminado,Artefacto explosivo,Grupo armado no identificado,No aplica,0,0,0,0,0,0,0,15,0,,,0,0,0,0,Publicado
185414,Cr000025,9,5,2009,Occidente de nariño,Nariño,Samaniego,Ataque a objetivo civil con efecto indiscriminado,Artefacto explosivo,Guerrilla,Eln,0,0,0,0,0,0,0,0,0,,,0,0,0,0,Publicado
185415,Cr035022,24,3,2010,Anden pacifico sur,Valle del cauca,Buenaventura,Ataque a objetivo civil con efecto indiscriminado,Artefacto explosivo,Guerrilla,Farc,0,0,0,0,0,0,0,50,0,,,2,7,9,9,Publicado
185416,Cr017103,2,5,2010,Anden pacifico sur,Cauca,Guapí,Ataque a objetivo civil con efecto indiscriminado,Artefacto explosivo,Grupo armado no identificado,No aplica,0,0,0,0,0,0,0,8,0,,,0,1,1,1,Publicado
185417,Cr018222,11,6,2010,Uraba,Antioquia,Apartadó,Ataque a objetivo civil con efecto indiscriminado,Artefacto explosivo,Guerrilla,Farc,0,0,0,0,0,0,0,12,0,,,0,1,1,1,Publicado
185418,Cr005096,12,8,2010,Area metropolitana de bogota,"Bogotá, d.c.","Bogotá, d.c.",Ataque a objetivo civil con efecto indiscriminado,Artefacto explosivo,Guerrilla,Farc,0,0,0,0,0,0,0,47,0,,,0,0,0,0,Publicado
185419,Cr018445,18,3,2011,Catatumbo,Norte de santander,San calixto,Ataque a objetivo militar con efecto indiscriminado,Artefacto explosivo,Guerrilla,Farc,0,0,0,0,1,0,0,1,0,,,0,3,3,3,Publicado
185420,,13,6,2011,Anden pacifico sur,Nariño,Santa bárbara,Ataque a objetivo militar con efecto indiscriminado,Artefacto explosivo,Guerrilla,Farc,0,0,0,0,0,0,0,10,0,,,0,1,1,1,Publicado
185421,,18,6,2011,Macizo colombiano,Cauca,Popayán,Ataque a objetivo militar con efecto indiscriminado,Artefacto explosivo,Guerrilla,Eln,0,0,0,0,0,0,0,5,0,,,0,1,1,1,Publicado
185422,Cr002067,9,7,2011,Norte del cauca,Cauca,Toribío,Ataque a objetivo militar con efecto indiscriminado,Artefacto explosivo,Guerrilla,Farc,0,0,0,0,0,0,0,99,0,,,1,3,4,4,Publicado
185423,Cr005154,2,10,2011,Sur del valle,Valle del cauca,Florida,Ataque a objetivo civil con efecto indiscriminado,Artefacto explosivo,Guerrilla,Farc,0,0,0,0,0,0,0,0,0,,,0,0,0,0,Publicado
185424,Cr048476,5,12,2011,Alta guajira,La guajira,Maicao,Ataque a objetivo militar con efecto indiscriminado,Artefacto explosivo,Guerrilla,Farc,0,0,0,0,0,0,0,11,0,,,0,3,3,3,Publicado
185425,Cr005121,13,1,2012,Catatumbo,Norte de santander,Tibú,Ataque a objetivo civil con efecto indiscriminado,Artefacto explosivo,Guerrilla,Farc,0,0,0,0,0,0,0,2,0,,,0,3,3,3,Publicado
185426,Cr005122,13,1,2012,Anden pacifico sur,Nariño,San andrés de tumaco,Ataque a objetivo civil con efecto indiscriminado,Artefacto explosivo,Guerrilla,Farc,0,0,0,0,0,0,0,2,0,,,0,0,0,0,Publicado
185427,Cr005166,1,2,2012,Anden pacifico sur,Nariño,San andrés de tumaco,Ataque a objetivo militar con efecto indiscriminado,Artefacto explosivo,Guerrilla,Farc,0,0,0,0,0,0,0,64,0,,,1,8,9,9,Publicado
185428,Cr011002,2,2,2012,Norte del cauca,Cauca,Villa rica,Ataque a objetivo militar con efecto indiscriminado,Artefacto explosivo,Guerrilla,Farc,0,0,0,0,0,0,0,28,0,,,1,5,6,6,Publicado
185429,Cr005173,10,2,2012,Norte del cauca,Cauca,Corinto,Ataque a objetivo civil con efecto indiscriminado,Artefacto explosivo,Guerrilla,Farc,0,0,0,0,0,0,0,5,0,,,0,0,0,0,Publicado
185430,Cr047946,27,2,2012,Catatumbo,Norte de santander,El tarra,Ataque a objetivo civil con efecto indiscriminado,Artefacto explosivo,Guerrilla,Farc,0,0,0,0,0,0,0,6,0,,,0,0,0,0,Publicado
185431,Cr005136,23,3,2012,Norte del cauca,Cauca,Jambaló,Ataque a objetivo civil con efecto indiscriminado,Artefacto explosivo,Guerrilla,Farc,0,0,0,0,0,0,0,2,0,,,0,0,0,0,Publicado
185432,Cr018646,21,4,2012,Norte del tolima,Tolima,Ibagué,Ataque a objetivo civil con efecto indiscriminado,Artefacto explosivo,Guerrilla,Farc,0,0,0,0,0,0,0,9,0,,,0,0,0,0,Publicado
185433,Cr013026,28,4,2012,Occidente de nariño,Nariño,Samaniego,Ataque a objetivo civil con efecto indiscriminado,Artefacto explosivo,Guerrilla,No identificada,0,0,0,0,0,0,0,15,0,,,0,1,1,1,Publicado
185434,Cr005170,5,6,2012,Anden pacifico sur,Nariño,El charco,Ataque a objetivo civil con efecto indiscriminado,Artefacto explosivo,Guerrilla,Farc,0,0,0,0,0,0,0,14,0,,,0,0,0,0,Publicado
185437,Cr005167,26,8,2012,Ariari guayabero,Meta,Vistahermosa,Ataque a objetivo militar con efecto indiscriminado,Artefacto explosivo,Guerrilla,Farc,0,0,0,0,0,0,0,4,0,,,0,6,6,6,Publicado
185438,,31,10,2012,Sur del valle,Valle del cauca,Pradera,Ataque a objetivo civil con efecto indiscriminado,Artefacto explosivo,Guerrilla,Farc,0,0,0,0,0,0,0,35,0,,,0,2,2,2,Publicado
185439,Cr005172,4,11,2012,Patia,Cauca,Balboa,Ataque a objetivo militar con efecto indiscriminado,Artefacto explosivo,Guerrilla,Farc,0,0,0,0,0,0,0,0,0,,,0,0,0,0,Publicado
185440,,11,3,2013,Macizo colombiano,Cauca,Timbío,Ataque a objetivo militar con efecto indiscriminado,Artefacto explosivo,Desconocido,No aplica,0,0,0,0,0,0,0,12,0,,,0,0,0,0,Publicado
185441,,14,3,2013,Patia,Cauca,Argelia,Ataque a objetivo militar con efecto indiscriminado,Artefacto explosivo,Guerrilla,Farc,0,0,0,0,0,0,0,11,0,,,0,0,0,0,Publicado
185442,Cr005113,29,11,2013,Anden pacifico sur,Nariño,San andrés de tumaco,Ataque a objetivo civil con efecto indiscriminado,Artefacto explosivo,Guerrilla,Farc,0,0,0,0,0,0,0,4,0,,,0,0,0,0,Publicado
185443,Cr048444,7,6,2014,Valle de aburra,Antioquia,Medellín,Ataque a objetivo civil con efecto indiscriminado,Artefacto explosivo,Guerrilla,Farc,0,0,0,0,0,0,0,0,0,,,0,0,0,0,Publicado
185444,,30,7,2014,Norte del cauca,Cauca,Miranda,Ataque a objetivo militar con efecto indiscriminado,Artefacto explosivo,Guerrilla,Farc,0,0,0,0,0,0,0,4,0,,,0,1,1,1,Publicado
185445,Cr018761,27,5,2015,Anden pacifico sur,Nariño,El charco,Ataque a objetivo militar con efecto indiscriminado,Artefacto explosivo,Grupo armado no identificado,No aplica,0,0,0,0,0,0,0,0,0,,,0,0,0,0,Publicado
185446,,14,6,2015,Anden pacifico sur,Valle del cauca,Buenaventura,Ataque a objetivo militar con efecto indiscriminado,Artefacto explosivo,Desconocido,No aplica,0,0,0,0,0,0,0,14,0,,1 capturado,0,0,0,0,Publicado
185447,,16,6,2015,Anden pacifico sur,Nariño,Barbacoas,Ataque a objetivo militar con efecto indiscriminado,Artefacto explosivo,Desconocido,No aplica,0,0,0,0,0,0,0,7,0,,,0,0,0,0,Publicado
185448,Cr018738,26,6,2015,Bajo putumayo,Putumayo,Puerto asís,Ataque a objetivo militar con efecto indiscriminado,Artefacto explosivo,Guerrilla,Farc,0,0,0,0,0,0,0,1,0,,,0,0,0,0,Publicado
185449,Cr018741,9,7,2015,Nordeste antioqueño,Antioquia,Anorí,Ataque a objetivo civil con efecto indiscriminado,Artefacto explosivo,Guerrilla,Farc,0,0,0,0,0,0,0,0,0,,,0,0,0,0,Publicado
185450,Cr018765,11,7,2015,Medio putumayo,Putumayo,Mocoa,Ataque a objetivo militar con efecto indiscriminado,Artefacto explosivo,Guerrilla,Farc,0,0,0,0,0,0,0,2,0,,,0,0,0,0,Publicado
185451,Cr018743,11,7,2015,Anden pacifico sur,Cauca,Timbiquí,Ataque a objetivo civil con efecto indiscriminado,Artefacto explosivo,Desconocido,No aplica,0,0,0,0,0,0,0,0,0,,,0,0,0,0,Publicado
185452,Cr018744,13,7,2015,Sur del valle,Valle del cauca,Florida,Ataque a objetivo militar con efecto indiscriminado,Artefacto explosivo,Guerrilla,Farc,0,0,0,0,0,0,0,0,0,,,0,0,0,0,Publicado
185453,Cr018769,19,7,2015,Anden pacifico sur,Nariño,San andrés de tumaco,Ataque a objetivo civil con efecto indiscriminado,Artefacto explosivo,Guerrilla,Farc,0,0,0,0,0,0,0,0,0,,,0,0,0,0,Publicado
185454,Cr018754,13,9,2015,Sarare,Arauca,Fortul,Ataque a objetivo militar con efecto indiscriminado,Artefacto explosivo,Guerrilla,No identificada,0,0,0,0,0,0,0,4,0,,,0,0,0,0,Publicado
185455,Cr047869,5,11,2015,Macizo colombiano,Cauca,La vega,Ataque a objetivo militar con efecto indiscriminado,Artefacto explosivo,Grupo armado no identificado,No aplica,0,0,0,0,0,0,0,0,0,,,0,0,0,0,Publicado
185456,Cr037210,5,2,1965,Area metropolitana de cucuta,Norte de santander,Cúcuta,Ataque a objetivo civil con efecto indiscriminado,Artefacto explosivo,Guerrilla,Eln,0,0,0,0,0,0,0,0,0,,,0,0,0,0,Publicado
185457,Cr037208,10,2,1965,Macizo colombiano,Cauca,Popayán,Ataque a objetivo civil con efecto indiscriminado,Artefacto explosivo,Desconocido,No aplica,0,0,0,0,0,0,0,1,0,,,0,0,0,0,Publicado
185458,Cr037209,10,2,1965,Area metropolitana de bogota,"Bogotá, d.c.","Bogotá, d.c.",Ataque a objetivo civil con efecto indiscriminado,Artefacto explosivo,Desconocido,No aplica,0,0,0,0,0,0,0,0,0,,,0,0,0,0,Publicado
185459,Cr040165,8,8,2003,Sarare,Arauca,Saravena,Ataque a objetivo militar con efecto indiscriminado,Artefacto explosivo,Guerrilla,Farc,0,0,0,0,0,0,0,5,0,,,0,5,5,5,Publicado
185466,,20,3,1965,Area metropolitana de bogota,"Bogotá, d.c.","Bogotá, d.c.",Ataque a objetivo civil con efecto indiscriminado,Artefacto explosivo,Desconocido,No aplica,0,0,0,0,0,0,0,2,0,,,0,0,0,0,Publicado
185467,Cr037222,19,6,1965,Area metropolitana de bogota,"Bogotá, d.c.","Bogotá, d.c.",Ataque a objetivo civil con efecto indiscriminado,Artefacto explosivo,Bandolerismo,No identificado,0,0,0,0,0,0,0,0,0,,,0,0,0,0,Publicado
185468,Cr041164,27,7,1965,Area metropolitana de bogota,"Bogotá, d.c.","Bogotá, d.c.",Ataque a objetivo militar con efecto indiscriminado,Artefacto explosivo,Guerrilla,Eln,0,0,0,0,0,0,0,0,0,,,0,1,1,1,Publicado
195048,Cr2017195048,9,8,2001,Provincia de ricaurte,Norte de santander,Gramalote,Ataque a objetivo civil con efecto indiscriminado,Artefacto explosivo,Guerrilla,Eln,0,0,0,0,0,0,1,4,0,,,0,2,2,2,Publicado
200005,,16,4,2009,Bajo cauca antioqueño,Antioquia,Cáceres,Ataque a objetivo militar con efecto indiscriminado,Artefacto explosivo,Grupo armado no identificado,No aplica,0,0,0,0,0,0,0,5,0,,,0,0,0,0,Publicado
200991,Cr2017200991,19,6,2012,Centro del huila,Huila,Algeciras,Ataque a objetivo militar con efecto indiscriminado,Artefacto explosivo,Guerrilla,Farc,0,0,0,0,0,1,0,0,0,,,0,0,0,0,Publicado
292047,Cr018301,23,12,2003,Bajo cauca antioqueño,Antioquia,Tarazá,Ataque a objetivo civil con efecto indiscriminado,Artefacto explosivo,Grupo armado no dirimido,,0,0,0,0,0,0,0,36,0,,,,4,4,4,Publicado
395535,,30,5,1999,Catatumbo,Norte de santander,Tibú,Desconocida,Nd,Grupo paramilitar,No identificado,1,1,0,0,1,0,0,,,,,,1,1,1,Publicado
396266,Cr2017189655,7,11,1992,Valle de aburra,Antioquia,Barbosa,Ataque a objetivo civil con efecto indiscriminado,Artefacto explosivo,Guerrilla,Coordinadora guerrillera simón bolívar,0,0,0,0,0,0,0,7,,,,,1,1,1,Publicado
419293,Cr005134,10,3,1982,Area metropolitana de bogota,"Bogotá, d.c.","Bogotá, d.c.",Ataque a objetivo civil con efecto indiscriminado,Artefacto explosivo,Guerrilla,M-19,0,0,0,0,0,0,0,2,0,,,0,1,1,1,Publicado
419294,Cr005118,29,1,1997,Valle de aburra,Antioquia,Medellín,Ataque a objetivo civil con efecto indiscriminado,Artefacto explosivo,Otro,,0,0,0,0,0,0,0,56,0,,,0,5,5,5,Publicado
419295,Cr005124,27,2,1997,Uraba,Antioquia,Apartadó,Ataque a objetivo civil con efecto indiscriminado,Artefacto explosivo,Guerrilla,Farc,0,0,0,0,0,0,0,53,0,,,0,10,10,10,Publicado
419296,,14,10,1997,Caguan,Caquetá,Puerto rico,Ataque a objetivo civil con efecto indiscriminado,Artefacto explosivo,Guerrilla,Farc,0,0,0,0,0,0,0,4,0,,,0,1,1,1,Publicado
419297,Cr005139,27,5,2003,Caguan,Caquetá,San vicente del caguán,Ataque a objetivo civil con efecto indiscriminado,Artefacto explosivo,Guerrilla,Farc,0,0,0,0,0,0,0,2,0,,,0,1,1,1,Publicado
419298,Cr005165,28,9,2003,Florencia y area de influencia,Caquetá,Florencia,Ataque a objetivo civil con efecto indiscriminado,Artefacto explosivo,Guerrilla,Farc,0,0,0,0,0,0,0,48,0,,,2,12,14,14,Publicado
419299,Cr047153,1,11,2003,Florencia y area de influencia,Caquetá,Florencia,Ataque a objetivo militar con efecto indiscriminado,Artefacto explosivo,Guerrilla,Farc,0,0,0,0,0,0,0,12,0,,,0,3,3,3,Publicado
419300,,25,9,2011,Norte del cauca,Cauca,Caldono,Ataque a objetivo militar con efecto indiscriminado,Artefacto explosivo,Guerrilla,Farc,0,0,0,0,0,0,0,0,0,,,0,0,0,0,Publicado
419301,Cr017054,22,1,2012,Catatumbo,Norte de santander,El tarra,Ataque a objetivo militar con efecto indiscriminado,Artefacto explosivo,Guerrilla,Farc,0,0,0,0,0,0,0,0,0,,,0,0,0,0,Publicado
419302,Cr008089,1,5,2012,Patia,Cauca,Argelia,Ataque a objetivo militar con efecto indiscriminado,Artefacto explosivo,Guerrilla,Farc,0,0,0,0,0,0,0,1,0,,,0,0,0,0,Publicado
419303,,17,5,2012,Norte del cauca,Cauca,Caloto,Ataque a objetivo militar con efecto indiscriminado,Arma de fuego - artefacto explosivo,Agente del estado,Policía nacional,0,0,0,0,0,0,0,4,0,,,0,0,0,0,Publicado
419304,Cr012043,24,5,2012,Centro de nariño,Nariño,Sandoná,Ataque a objetivo militar con efecto indiscriminado,Artefacto explosivo,Guerrilla,Farc,0,0,0,0,0,0,0,4,0,,,0,0,0,0,Publicado
419305,,18,6,2012,Anden pacifico sur,Valle del cauca,Buenaventura,Ataque a objetivo militar con efecto indiscriminado,Artefacto explosivo,Guerrilla,Farc,0,0,0,0,0,0,0,8,0,,,0,0,0,0,Publicado
419306,,14,10,2012,Sarare,Arauca,Tame,Ataque a objetivo militar con efecto indiscriminado,Artefacto explosivo,Guerrilla,Farc,0,0,0,0,0,0,0,0,0,,,0,2,2,2,Publicado
419307,Cr080122,16,1,2014,Norte de antioquia,Antioquia,San andrés de cuerquía,Ataque a objetivo militar con efecto indiscriminado,Artefacto explosivo,Guerrilla,Farc,0,0,0,0,0,0,0,1,0,,,0,0,0,0,Publicado
419308,Cr016067,24,8,2014,Serrania del perija,Cesar,San diego,Ataque a objetivo militar con efecto indiscriminado,Artefacto explosivo,Guerrilla,No identificada,0,0,0,0,0,0,0,0,0,,,0,0,0,0,Publicado
421647,Cr2017421647,2,12,2002,Serrania del perija,La guajira,La jagua del pilar,Ataque a objetivo civil con efecto indiscriminado,Artefacto explosivo,Guerrilla,Farc,0,0,0,0,0,0,0,0,0,,,0,0,0,0,Publicado
448523,,13,6,2011,Anden pacifico sur,Nariño,El charco,Ataque a objetivo civil con efecto indiscriminado,Artefacto explosivo,Guerrilla,Farc,0,0,0,0,0,0,0,15,0,,,,,0,0,Publicado
490206,Cr2017203550,30,10,2012,Patia,Cauca,Patía,Ataque a objetivo militar con efecto indiscriminado,Artefacto explosivo,Guerrilla,Farc,0,0,0,0,0,0,0,,,,,0,0,0,0,Publicado
500379,,17,6,2017,Area metropolitana de bogota,"Bogotá, d.c.","Bogotá, d.c.",Ataque a objetivo civil con efecto indiscriminado,Artefacto explosivo,Guerrilla,Otra,0,0,0,0,0,0,0,9,,,,0,3,3,3,Publicado
500471,Cr2017500471,24,12,2001,Ariari guayabero,Meta,Granada,Desconocida,Artefacto explosivo,Guerrilla,Farc,0,0,0,0,0,0,0,,,,,0,0,0,0,Publicado
511101,,15,8,2009,Magdalena medio,Antioquia,Puerto berrío,Ataque a objetivo civil con efecto indiscriminado,Artefacto explosivo,Grupo posdesmovilización,No identificado,0,0,0,0,0,0,0,7,,,,,7,7,0,Publicado
511102,Cr2017511102,24,10,2011,Centro occidente de nariño,Nariño,Túquerres,Ataque a objetivo civil con efecto indiscriminado,Artefacto explosivo,Grupo armado no identificado,No aplica,0,0,0,0,0,0,0,1,,,,,1,1,1,Publicado
511104,Cr2017511104,11,4,2012,Patia,Cauca,Balboa,Ataque a objetivo militar con efecto indiscriminado,Artefacto explosivo,Guerrilla,Farc,0,0,0,0,0,0,0,,,,,,0,0,0,Publicado
511105,,27,6,2012,Alta guajira,La guajira,Maicao,Ataque a objetivo civil con efecto indiscriminado,Artefacto explosivo,Grupo posdesmovilización,No identificado,0,0,0,0,0,0,0,7,,,,,0,0,0,Publicado
511123,Cr2017511123,29,3,1988,Area metropolitana de bogota,"Bogotá, d.c.","Bogotá, d.c.",Ataque a objetivo civil con efecto indiscriminado,Artefacto explosivo,Grupo paramilitar,Otro,0,0,0,0,0,0,0,1,,,,,0,0,0,Publicado
511170,Cr2017511170,4,8,1976,Area metropolitana de bogota,"Bogotá, d.c.","Bogotá, d.c.",Ataque a objetivo civil con efecto indiscriminado,Artefacto explosivo,Desconocido,No aplica,0,0,0,0,0,0,0,,,,,0,0,0,0,Publicado
511185,,11,11,1975,Area metropolitana de bogota,"Bogotá, d.c.","Bogotá, d.c.",Ataque a objetivo civil con efecto indiscriminado,Artefacto explosivo,Grupo paramilitar,No identificado,0,0,0,0,0,0,0,,,,,0,0,0,0,Publicado
511204,,24,7,1976,Area metropolitana de bogota,"Bogotá, d.c.","Bogotá, d.c.",Ataque a objetivo civil con efecto indiscriminado,Artefacto explosivo,Guerrilla,Epl,0,0,0,0,0,0,0,,,,,,0,0,0,Publicado
521508,,25,10,2011,Anden pacifico sur,Nariño,San andrés de tumaco,Ataque a objetivo civil con efecto indiscriminado,Artefacto explosivo,Grupo armado no identificado,No aplica,0,0,0,0,0,0,0,8,,,,,0,0,0,Publicado
521513,Cr2017521513,19,11,2000,Sur del tolima,Tolima,Roncesvalles,Ataque a objetivo militar con efecto indiscriminado,Artefacto explosivo,Guerrilla,Farc,0,0,0,0,0,0,0,2,,,,,3,3,3,Publicado
521842,Cr102116,3,2,1997,Atrato,Chocó,Riosucio,Ataque a objetivo civil con efecto indiscriminado,Artefacto explosivo,Grupo armado no dirimido,,1,0,0,0,1,0,0,,,,,,1,1,1,Publicado
521875,Cr2017521875,24,9,2012,Occidente de nariño,Nariño,Samaniego,Ataque a objetivo civil con efecto indiscriminado,Artefacto explosivo,Desconocido,No aplica,0,0,0,0,0,0,0,,,,,0,0,0,0,Publicado
521877,,16,4,2009,Bajo cauca antioqueño,Antioquia,Cáceres,Ataque a objetivo civil con efecto indiscriminado,Artefacto explosivo,Grupo armado no identificado,No aplica,0,0,0,0,0,0,0,5,,,,0,0,0,0,Publicado
521880,,7,7,2009,Bajo cauca antioqueño,Antioquia,Cáceres,Ataque a objetivo militar con efecto indiscriminado,Artefacto explosivo,Grupo paramilitar,No identificado,0,0,0,0,0,0,0,3,,,,0,0,0,0,Publicado
521917,,27,4,2006,Magdalena medio,Santander,Barrancabermeja,Ataque a objetivo civil con efecto indiscriminado,Artefacto explosivo,Grupo posdesmovilización,Urabeños/autodefensas gaitanistas de colombia/águilas negras/clan úsuga,0,0,0,0,0,0,0,5,,,,0,0,0,0,Publicado
522006,,16,11,1975,Area metropolitana de bogota,"Bogotá, d.c.","Bogotá, d.c.",Ataque a objetivo civil con efecto indiscriminado,Artefacto explosivo,Desconocido,No aplica,0,0,0,0,0,0,0,,,,,,0,0,0,Publicado
532362,Cr2017532362,22,7,1976,Sur del valle,Valle del cauca,Cali,Ataque a objetivo civil con efecto indiscriminado,Artefacto explosivo,Guerrilla,M-19,0,0,0,0,0,0,0,,,,,0,0,0,0,Publicado
